{
  "products": [
    {
      "id": "1",
      "gender": "female",
      "product_type": "ethic",
      "category": "saree",
      "sub_category": "cotton",
      "name": "Printed Saree With Unstitched Blouse",
      "price": "700",
      "discount": "15",
      "ratings": "4",
      "delivery": "free",
      "reviews": "4566",
      "description": " Printed Saree With Unstitched Blou  Art Silk Blouse : Separate Blouse Piece",
      "img1": "https://images.meesho.com/images/products/33167775/nbfim_512.jpg",
      "img2": "https://images.meesho.com/images/products/33167776/pjrtk_64.jpg",
      "img3": "https://images.meesho.com/images/products/33167774/pajfj_64.jpg",
      "__v": 0
    },
    {
      "id": "2",
      "gender": "female",
      "product_type": "ethic",
      "category": "saree",
      "sub_category": "silk",
      "name": "Printed Saree With Unstitched Blouse",
      "price": "900",
      "discount": "25",
      "ratings": "4.2",
      "delivery": "free",
      "reviews": "4596",
      "description": " Printed Saree With Unstitched Blou  Art Silk Blouse : Separate Blouse Piece",
      "img1": "https://images.meesho.com/images/products/41115101/zzdil_512.jpg",
      "img2": "https://images.meesho.com/images/products/41115099/uqrkd_64.jpg",
      "img3": "https://images.meesho.com/images/products/41115101/zzdil_64.jpg",
      "__v": 0
    },
    {
      "id": "3",
      "gender": "female",
      "product_type": "ethic",
      "category": "kurti",
      "sub_category": "silk",
      "name": "Printed Saree With Unstitched Blouse",
      "price": "700",
      "discount": "12",
      "ratings": "3.8",
      "delivery": "free",
      "reviews": "496",
      "description": " Name : Jaipur Fabric : Rayon Sleeve Length : Three-Quarter Sleeves Pattern : PrinteCombo of : SingleSizes :M (Bust Size : 38 in)",
      "img1": "https://images.meesho.com/images/products/1465841/1_64.jpg",
      "img2": "https://images.meesho.com/images/products/1465839/1_512.jpg",
      "img3": "https://images.meesho.com/images/products/1465842/1_64.jpg",
      "__v": 0
    },
    {
      "id": "4",
      "gender": "female",
      "product_type": "ethic",
      "category": "kurti",
      "sub_category": "silk",
      "name": "Printed Saree With Unstitched Blouse",
      "price": "1200",
      "discount": "27",
      "ratings": "4.1",
      "delivery": "free",
      "reviews": "6756",
      "description": " Name : Jaipur Fabric : Rayon Sleeve Length : Three-Quarter Sleeves Pattern : PrinteCombo of : SingleSizes :M (Bust Size : 38 in)",
      "img1": "https://images.meesho.com/images/products/286347/1_512.jpg",
      "img2": "https://images.meesho.com/images/products/286347/1_512.jpg",
      "img3": "https://images.meesho.com/images/products/286357/1_64.jpg",
      "__v": 0
    },
    {
      "id": "5",
      "gender": "female",
      "product_type": "ethic",
      "category": "kurti",
      "sub_category": "silk",
      "name": "Printed Saree With Unstitched Blouse",
      "price": "2300",
      "discount": "47",
      "ratings": "4.1",
      "delivery": "free",
      "reviews": "1056",
      "description": " Name : Jaipur Fabric : Rayon Sleeve Length : Three-Quarter Sleeves Pattern : PrinteCombo of : SingleSizes :M (Bust Size : 38 in)",
      "img1": "https://images.meesho.com/images/products/69700680/uitba_512.jpg",
      "img2": "https://images.meesho.com/images/products/69700680/uitba_512.jpg",
      "img3": "https://images.meesho.com/images/products/69700680/uitba_512.jpg",
      "__v": 0
    },
    {
      "id": "6",
      "gender": "female",
      "product_type": "ethic",
      "category": "saree",
      "sub_category": "silk",
      "name": "Printed Saree With Unstitched Blouse",
      "price": "2300",
      "discount": "47",
      "ratings": "4.1",
      "delivery": "free",
      "reviews": "1056",
      "description": " Name : Jaipur Fabric : Rayon Sleeve Length : Three-Quarter Sleeves Pattern : PrinteCombo of : SingleSizes :M (Bust Size : 38 in)",
      "img1": "https://images.meesho.com/images/products/7616385/0c598_512.jpg",
      "img2": "https://images.meesho.com/images/products/7616385/0c598_512.jpg",
      "img3": "https://images.meesho.com/images/products/7616385/0c598_512.jpg"
    },
    {
      "id": "7",
      "gender": "female",
      "product_type": "ethic",
      "category": "saree",
      "sub_category": "silk",
      "name": "Printed Saree With Unstitched Blouse",
      "price": "6700",
      "discount": "47",
      "ratings": "4.1",
      "delivery": "free",
      "reviews": "9056",
      "description": " Name : Jaipur Fabric : Rayon Sleeve Length : Three-Quarter Sleeves Pattern : PrinteCombo of : SingleSizes :M (Bust Size : 38 in)",
      "img1": "https://images.meesho.com/images/products/101015919/lzpus_512.jpg",
      "img2": "https://images.meesho.com/images/products/101015919/lzpus_512.jpg",
      "img3": "https://images.meesho.com/images/products/101015919/lzpus_512.jpg"
    },
    {
      "id": "8",
      "gender": "female",
      "product_type": "ethic",
      "category": "saree",
      "sub_category": "silk",
      "name": "Printed Saree With Unstitched Blouse",
      "price": "6700",
      "discount": "47",
      "ratings": "4.1",
      "delivery": "free",
      "reviews": "9056",
      "description": " Name : Jaipur Fabric : Rayon Sleeve Length : Three-Quarter Sleeves Pattern : PrinteCombo of : SingleSizes :M (Bust Size : 38 in)",
      "img1": "https://images.meesho.com/images/products/35276011/tawxb_512.jpg",
      "img2": "https://images.meesho.com/images/products/35276011/tawxb_512.jpg",
      "img3": "https://images.meesho.com/images/products/35276011/tawxb_512.jpg"
    },
    {
      "id": "9",
      "gender": "female",
      "product_type": "ethic",
      "category": "saree",
      "sub_category": "silk",
      "name": "Printed Saree With Unstitched Blouse",
      "price": "6700",
      "discount": "47",
      "ratings": "4.1",
      "delivery": "free",
      "reviews": "9056",
      "description": " Name : Jaipur Fabric : Rayon Sleeve Length : Three-Quarter Sleeves Pattern : PrinteCombo of : SingleSizes :M (Bust Size : 38 in)",
      "img1": "https://images.meesho.com/images/products/8061635/7bcf0_512.jpg",
      "img2": "https://images.meesho.com/images/products/8061635/7bcf0_512.jpg",
      "img3": "https://images.meesho.com/images/products/8061635/7bcf0_512.jpg"
    },
    {
      "id": "10",
      "gender": "female",
      "product_type": "ethic",
      "category": "saree",
      "sub_category": "silk",
      "name": "Printed Saree With Unstitched Blouse",
      "price": "6700",
      "discount": "47",
      "ratings": "4.1",
      "delivery": "free",
      "reviews": "9056",
      "description": " Name : Jaipur Fabric : Rayon Sleeve Length : Three-Quarter Sleeves Pattern : PrinteCombo of : SingleSizes :M (Bust Size : 38 in)",
      "img1": "https://images.meesho.com/images/products/2767936/1_512.jpg",
      "img2": "https://images.meesho.com/images/products/2767936/1_512.jpg",
      "img3": "https://images.meesho.com/images/products/2767936/1_512.jpg"
    },
    {
      "id": "11",
      "gender": "female",
      "product_type": "ethic",
      "category": "saree",
      "sub_category": "silk",
      "name": "Printed Saree With Unstitched Blouse",
      "price": "6700",
      "discount": "47",
      "ratings": "4.1",
      "delivery": "free",
      "reviews": "9056",
      "description": " Name : Jaipur Fabric : Rayon Sleeve Length : Three-Quarter Sleeves Pattern : PrinteCombo of : SingleSizes :M (Bust Size : 38 in)",
      "img1": "https://images.meesho.com/images/products/88009168/ddwm2_512.jpg",
      "img2": "https://images.meesho.com/images/products/88009168/ddwm2_512.jpg",
      "img3": "https://images.meesho.com/images/products/88009168/ddwm2_512.jpg"
    },
    {
      "id": "12",
      "gender": "female",
      "product_type": "ethic",
      "category": "saree",
      "sub_category": "silk",
      "name": "Printed Saree With Unstitched Blouse",
      "price": "6700",
      "discount": "47",
      "ratings": "4.1",
      "delivery": "free",
      "reviews": "9056",
      "description": " Name : Jaipur Fabric : Rayon Sleeve Length : Three-Quarter Sleeves Pattern : PrinteCombo of : SingleSizes :M (Bust Size : 38 in)",
      "img1": "https://images.meesho.com/images/products/98165760/9lnzn_512.jpg",
      "img2": "https://images.meesho.com/images/products/98165760/9lnzn_512.jpg",
      "img3": "https://images.meesho.com/images/products/98165760/9lnzn_512.jpg"
    },
    {
      "id": "13",
      "gender": "female",
      "product_type": "ethic",
      "category": "saree",
      "sub_category": "silk",
      "name": "Printed Saree With Unstitched Blouse",
      "price": "6700",
      "discount": "47",
      "ratings": "4.1",
      "delivery": "free",
      "reviews": "9056",
      "description": " Name : Jaipur Fabric : Rayon Sleeve Length : Three-Quarter Sleeves Pattern : PrinteCombo of : SingleSizes :M (Bust Size : 38 in)",
      "img1": "https://images.meesho.com/images/products/13609255/80754_512.jpg",
      "img2": "https://images.meesho.com/images/products/13609255/80754_512.jpg",
      "img3": "https://images.meesho.com/images/products/13609255/80754_512.jpg"
    },
    {
      "id": "14",
      "gender": "male",
      "product_type": "ethic",
      "category": "shirt",
      "sub_category": "cotton",
      "name": "Printed Shirt",
      "price": "500",
      "discount": "15",
      "ratings": "4",
      "delivery": "free",
      "reviews": "466",
      "description": " Printed Shirt With Unstitched   Art Silk  : Separate  Piece",
      "img1": "https://images.meesho.com/images/products/33167775/nbfim_512.jpg",
      "img2": "https://images.meesho.com/images/products/33167776/pjrtk_64.jpg",
      "img3": "https://images.meesho.com/images/products/33167774/pajfj_64.jpg",
      "__v": 0
    },
    {
      "id": "15",
      "gender": "male",
      "product_type": "ethic",
      "category": "shirt",
      "sub_category": "cotton",
      "name": "Printed Shirt",
      "price": "500",
      "discount": "25",
      "ratings": "5",
      "delivery": "free",
      "reviews": "436",
      "description": " Printed Shirt With Unstitched   Art Silk  : Separate  Piece",
      "img1": "https://images.meesho.com/images/products/81723168/0gqfi_512.jpg",
      "img2": "https://images.meesho.com/images/products/81723168/0gqfi_64.jpg",
      "img3": "https://images.meesho.com/images/products/81723167/udu3p_64.jpg"
    },
    {
      "id": "16",
      "gender": "male",
      "product_type": "Lycra",
      "category": "shirt",
      "sub_category": "cotton",
      "name": " Men's Lycra Shirt",
      "price": "545",
      "discount": "34",
      "ratings": "3",
      "delivery": "free",
      "reviews": "737",
      "description": " Printed Shirt With Unstitched   Art Silk  : Separate  Piece",
      "img1": "https://images.meesho.com/images/products/83267394/nvxbw_512.jpg",
      "img2": "https://images.meesho.com/images/products/83267397/gcfwd_64.jpg",
      "img3": "https://images.meesho.com/images/products/83267400/xkxun_64.jpg"
    },
    {
      "id": "17",
      "gender": "male",
      "product_type": "Lycra",
      "category": "shirt",
      "sub_category": "cotton",
      "name": "Black Bird men's trendy mandarin collar cotton t-shirt",
      "price": "5443",
      "discount": "55",
      "ratings": "5",
      "delivery": "free",
      "reviews": "434",
      "description": " Printed Shirt With Unstitched   Art Silk  : Separate  Piece",
      "img1": "https://images.meesho.com/images/products/42520121/k3t2c_64.jpg",
      "img2": "https://images.meesho.com/images/products/42520122/nnxq9_64.jpg",
      "img3": "https://images.meesho.com/images/products/42520120/yqmdn_64.jpg"
    },
    {
      "id": "18",
      "gender": "male",
      "product_type": "Lycra",
      "category": "shirt",
      "sub_category": "cotton",
      "name": "Urbane Latest Men Shirts",
      "price": "488",
      "discount": "24",
      "ratings": "3",
      "delivery": "free",
      "reviews": "642",
      "description": " Printed Shirt With Unstitched   Art Silk  : Separate  Piece",
      "img1": "https://images.meesho.com/images/products/41237705/rtawp_64.jpg",
      "img2": "https://images.meesho.com/images/products/41237705/6axv2_64.jpg",
      "img3": "https://images.meesho.com/images/products/41237705/cuari_64.jpg"
    },
    {
      "id": "19",
      "gender": "male",
      "product_type": "Top Wear",
      "category": "shirt",
      "sub_category": "cotton",
      "name": "Stylish Modern Men Tshirts",
      "price": "344",
      "discount": "22",
      "ratings": "4",
      "delivery": "free",
      "reviews": "679",
      "description": " Printed Shirt With Unstitched   Art Silk  : Separate  Piece",
      "img1": "https://images.meesho.com/images/products/100929702/sddfx_64.jpg",
      "img2": "https://images.meesho.com/images/products/100929702/ddqtx_64.jpg",
      "img3": "https://images.meesho.com/images/products/100929702/d9q4y_64.jpg"
    },
    {
      "id": "20",
      "gender": "male",
      "product_type": "Top Wear",
      "category": "shirt",
      "sub_category": "cotton",
      "name": "Pretty Modern Men Tshirts",
      "price": "3455",
      "discount": "66",
      "ratings": "4",
      "delivery": "free",
      "reviews": "5234",
      "description": " Printed Shirt With Unstitched   Art Silk  : Separate  Piece",
      "img1": "https://images.meesho.com/images/products/110476433/loggf_64.jpg",
      "img2": "https://images.meesho.com/images/products/110476431/ozjmr_64.jpg",
      "img3": "https://images.meesho.com/images/products/110476432/i6jk6_64.jpg"
    },
    {
      "id": "21",
      "gender": "male",
      "product_type": "Bottom Wear",
      "category": "Jeans",
      "sub_category": "cotton",
      "name": "Men's Cargo Pant Camouflage Pants",
      "price": "345",
      "discount": "6",
      "ratings": "4",
      "delivery": "free",
      "reviews": "524",
      "description": " Printed Shirt With Unstitched   Art Silk  : Separate  Piece",
      "img1": "https://images.meesho.com/images/products/58642874/yjy67_64.jpg",
      "img2": "https://images.meesho.com/images/products/58642872/kmqxx_64.jpg",
      "img3": "https://images.meesho.com/images/products/58642873/wpuzi_512.jpg"
    },
    {
      "id": "22",
      "gender": "male",
      "product_type": "Bottom Wear",
      "category": "Jeans",
      "sub_category": "cotton",
      "name": "Fancy Men Jeans",
      "price": "635",
      "discount": "36",
      "ratings": "5",
      "delivery": "free",
      "reviews": "4234",
      "description": " Printed Shirt With Unstitched   Art Silk  : Separate  Piece",
      "img1": "https://images.meesho.com/images/products/97195597/zkjne_512.jpg",
      "img2": "https://images.meesho.com/images/products/58642872/kmqxx_64.jpg",
      "img3": "https://images.meesho.com/images/products/58642873/wpuzi_512.jpg"
    },
    {
      "id": "23",
      "gender": "male",
      "product_type": "Toys & Accessories",
      "category": "Soft Toys",
      "sub_category": "Fabric",
      "name": " Unique Kids soft Toys",
      "price": "777",
      "discount": "36",
      "ratings": "4",
      "delivery": "free",
      "reviews": "4234",
      "description": " Printed Shirt With Unstitched   Art Silk  : Separate  Piece",
      "img1": "https://images.meesho.com/images/products/49090753/jryjx_512.jpg",
      "img2": "https://images.meesho.com/images/products/49090758/kxqfu_64.jpg",
      "img3": "https://images.meesho.com/images/products/49090754/vcf7f_64.jpg"
    },
    {
      "id": "24",
      "gender": "male",
      "product_type": "Toys & Accessories",
      "category": "Soft Toys",
      "sub_category": "Fabric",
      "name": "Pink Color Soft Teddy Bear 30 cm",
      "price": "444",
      "discount": "12",
      "ratings": "4",
      "delivery": "free",
      "reviews": "434",
      "description": " Printed Shirt With Unstitched   Art Silk  : Separate  Piece",
      "img1": "https://images.meesho.com/images/products/20785957/d72ed_64.jpg",
      "img2": "https://images.meesho.com/images/products/20786711/443a9_64.jpgg",
      "img3": "https://images.meesho.com/images/products/20786707/5c883_64.jpg"
    },
    {
      "id": "25",
      "gender": "female",
      "product_type": "Toys & Accessories",
      "category": "Soft Toys",
      "sub_category": "Fabric",
      "name": "3 Feet Very Cute Long Soft Hugable American Style Teddy",
      "price": "347",
      "discount": "23",
      "ratings": "4",
      "delivery": "free",
      "reviews": "411",
      "description": " Printed Shirt With Unstitched   Art Silk  : Separate  Piece",
      "img1": "https://images.meesho.com/images/products/54713608/sbnsr_512.jpg",
      "img2": "https://images.meesho.com/images/products/20786711/443a9_64.jpgg",
      "img3": "https://images.meesho.com/images/products/20786707/5c883_64.jpg"
    },
    {
      "id": "26",
      "gender": "female",
      "product_type": "Toys & Accessories",
      "category": "Soft Toys",
      "sub_category": "Fabric",
      "name": "Long Soft Hugable American Style Teddy",
      "price": "953",
      "discount": "23",
      "ratings": "4",
      "delivery": "free",
      "reviews": "532",
      "description": " Printed Shirt With Unstitched   Art Silk  : Separate  Piece",
      "img1": "https://images.meesho.com/images/products/20786707/5c883_64.jpg",
      "img2": "https://images.meesho.com/images/products/20786711/443a9_64.jpgg",
      "img3": "https://images.meesho.com/images/products/20786707/5c883_64.jpg"
    },
    {
      "id": "27",
      "gender": "female",
      "product_type": "Toys & Accessories",
      "category": "Soft Toys",
      "sub_category": "Fabric",
      "name": "Long Soft Hugable American Style Teddy",
      "price": "345",
      "discount": "32",
      "ratings": "5",
      "delivery": "free",
      "reviews": "345",
      "description": " Printed Shirt With Unstitched   Art Silk  : Separate  Piece",
      "img1": "https://images.meesho.com/images/products/74319655/zlp7d_512.jpg",
      "img2": "https://images.meesho.com/images/products/20786711/443a9_64.jpgg",
      "img3": "https://images.meesho.com/images/products/20786707/5c883_64.jpg"
    }
  ],
  "cart": [
    {
      "id": "6",
      "gender": "female",
      "product_type": "ethic",
      "category": "saree",
      "sub_category": "silk",
      "name": "Printed Saree With Unstitched Blouse",
      "price": "2300",
      "discount": "47",
      "ratings": "4.1",
      "delivery": "free",
      "reviews": "1056",
      "description": " Name : Jaipur Fabric : Rayon Sleeve Length : Three-Quarter Sleeves Pattern : PrinteCombo of : SingleSizes :M (Bust Size : 38 in)",
      "img1": "https://images.meesho.com/images/products/7616385/0c598_512.jpg",
      "img2": "https://images.meesho.com/images/products/7616385/0c598_512.jpg",
      "img3": "https://images.meesho.com/images/products/7616385/0c598_512.jpg"
    }
  ]
}