{
  "products": [
    {
      "id": "1",
      "gender": "female",
      "product_type": "ethic",
      "category": "saree",
      "sub_category": "cotton",
      "name": "Printed Saree With Unstitched Blouse",
      "price": "700",
      "discount": "15",
      "ratings": "4",
      "delivery": "free",
      "reviews": "4566",
      "description": " Printed Saree With Unstitched Blou  Art Silk Blouse : Separate Blouse Piece",
      "img1": "https://images.meesho.com/images/products/33167775/nbfim_512.jpg",
      "img2": "https://images.meesho.com/images/products/33167776/pjrtk_64.jpg",
      "img3": "https://images.meesho.com/images/products/33167774/pajfj_64.jpg",
      "__v": 0
    },
    {
      "id": "2",
      "gender": "female",
      "product_type": "ethic",
      "category": "saree",
      "sub_category": "silk",
      "name": "Printed Saree With Unstitched Blouse",
      "price": "900",
      "discount": "25",
      "ratings": "4.2",
      "delivery": "free",
      "reviews": "4596",
      "description": " Printed Saree With Unstitched Blou  Art Silk Blouse : Separate Blouse Piece",
      "img1": "https://images.meesho.com/images/products/41115101/zzdil_512.jpg",
      "img2": "https://images.meesho.com/images/products/41115099/uqrkd_64.jpg",
      "img3": "https://images.meesho.com/images/products/41115101/zzdil_64.jpg",
      "__v": 0
    },
    {
      "id": "3",
      "gender": "female",
      "product_type": "ethic",
      "category": "kurti",
      "sub_category": "silk",
      "name": "Printed Saree With Unstitched Blouse",
      "price": "700",
      "discount": "12",
      "ratings": "3.8",
      "delivery": "free",
      "reviews": "496",
      "description": " Name : Jaipur Fabric : Rayon Sleeve Length : Three-Quarter Sleeves Pattern : PrinteCombo of : SingleSizes :M (Bust Size : 38 in)",
      "img1": "https://images.meesho.com/images/products/1465841/1_64.jpg",
      "img2": "https://images.meesho.com/images/products/1465839/1_512.jpg",
      "img3": "https://images.meesho.com/images/products/1465842/1_64.jpg",
      "__v": 0
    },
    {
      "id": "4",
      "gender": "female",
      "product_type": "ethic",
      "category": "kurti",
      "sub_category": "silk",
      "name": "Printed Saree With Unstitched Blouse",
      "price": "1200",
      "discount": "27",
      "ratings": "4.1",
      "delivery": "free",
      "reviews": "6756",
      "description": " Name : Jaipur Fabric : Rayon Sleeve Length : Three-Quarter Sleeves Pattern : PrinteCombo of : SingleSizes :M (Bust Size : 38 in)",
      "img1": "https://images.meesho.com/images/products/286347/1_512.jpg",
      "img2": "https://images.meesho.com/images/products/286347/1_512.jpg",
      "img3": "https://images.meesho.com/images/products/286357/1_64.jpg",
      "__v": 0
    },
    {
      "id": "5",
      "gender": "female",
      "product_type": "ethic",
      "category": "kurti",
      "sub_category": "silk",
      "name": "Printed Saree With Unstitched Blouse",
      "price": "2300",
      "discount": "47",
      "ratings": "4.1",
      "delivery": "free",
      "reviews": "1056",
      "description": " Name : Jaipur Fabric : Rayon Sleeve Length : Three-Quarter Sleeves Pattern : PrinteCombo of : SingleSizes :M (Bust Size : 38 in)",
      "img1": "https://images.meesho.com/images/products/69700680/uitba_512.jpg",
      "img2": "https://images.meesho.com/images/products/69700680/uitba_512.jpg",
      "img3": "https://images.meesho.com/images/products/69700680/uitba_512.jpg",
      "__v": 0
    },
    {
      "id": "6",
      "gender": "female",
      "product_type": "ethic",
      "category": "saree",
      "sub_category": "silk",
      "name": "Printed Saree With Unstitched Blouse",
      "price": "2300",
      "discount": "47",
      "ratings": "4.1",
      "delivery": "free",
      "reviews": "1056",
      "description": " Name : Jaipur Fabric : Rayon Sleeve Length : Three-Quarter Sleeves Pattern : PrinteCombo of : SingleSizes :M (Bust Size : 38 in)",
      "img1": "https://images.meesho.com/images/products/7616385/0c598_512.jpg",
      "img2": "https://images.meesho.com/images/products/7616385/0c598_512.jpg",
      "img3": "https://images.meesho.com/images/products/7616385/0c598_512.jpg"
    },
    {
      "id": "7",
      "gender": "female",
      "product_type": "ethic",
      "category": "saree",
      "sub_category": "silk",
      "name": "Printed Saree With Unstitched Blouse",
      "price": "6700",
      "discount": "47",
      "ratings": "4.1",
      "delivery": "free",
      "reviews": "9056",
      "description": " Name : Jaipur Fabric : Rayon Sleeve Length : Three-Quarter Sleeves Pattern : PrinteCombo of : SingleSizes :M (Bust Size : 38 in)",
      "img1": "https://images.meesho.com/images/products/101015919/lzpus_512.jpg",
      "img2": "https://images.meesho.com/images/products/101015919/lzpus_512.jpg",
      "img3": "https://images.meesho.com/images/products/101015919/lzpus_512.jpg"
    },
    {
      "id": "8",
      "gender": "female",
      "product_type": "ethic",
      "category": "saree",
      "sub_category": "silk",
      "name": "Printed Saree With Unstitched Blouse",
      "price": "6700",
      "discount": "47",
      "ratings": "4.1",
      "delivery": "free",
      "reviews": "9056",
      "description": " Name : Jaipur Fabric : Rayon Sleeve Length : Three-Quarter Sleeves Pattern : PrinteCombo of : SingleSizes :M (Bust Size : 38 in)",
      "img1": "https://images.meesho.com/images/products/35276011/tawxb_512.jpg",
      "img2": "https://images.meesho.com/images/products/35276011/tawxb_512.jpg",
      "img3": "https://images.meesho.com/images/products/35276011/tawxb_512.jpg"
    },
    {
      "id": "9",
      "gender": "female",
      "product_type": "ethic",
      "category": "saree",
      "sub_category": "silk",
      "name": "Printed Saree With Unstitched Blouse",
      "price": "6700",
      "discount": "47",
      "ratings": "4.1",
      "delivery": "free",
      "reviews": "9056",
      "description": " Name : Jaipur Fabric : Rayon Sleeve Length : Three-Quarter Sleeves Pattern : PrinteCombo of : SingleSizes :M (Bust Size : 38 in)",
      "img1": "https://images.meesho.com/images/products/8061635/7bcf0_512.jpg",
      "img2": "https://images.meesho.com/images/products/8061635/7bcf0_512.jpg",
      "img3": "https://images.meesho.com/images/products/8061635/7bcf0_512.jpg"
    },
    {
      "id": "10",
      "gender": "female",
      "product_type": "ethic",
      "category": "saree",
      "sub_category": "silk",
      "name": "Printed Saree With Unstitched Blouse",
      "price": "6700",
      "discount": "47",
      "ratings": "4.1",
      "delivery": "free",
      "reviews": "9056",
      "description": " Name : Jaipur Fabric : Rayon Sleeve Length : Three-Quarter Sleeves Pattern : PrinteCombo of : SingleSizes :M (Bust Size : 38 in)",
      "img1": "https://images.meesho.com/images/products/2767936/1_512.jpg",
      "img2": "https://images.meesho.com/images/products/2767936/1_512.jpg",
      "img3": "https://images.meesho.com/images/products/2767936/1_512.jpg"
    },
    {
      "id": "11",
      "gender": "female",
      "product_type": "ethic",
      "category": "saree",
      "sub_category": "silk",
      "name": "Printed Saree With Unstitched Blouse",
      "price": "6700",
      "discount": "47",
      "ratings": "4.1",
      "delivery": "free",
      "reviews": "9056",
      "description": " Name : Jaipur Fabric : Rayon Sleeve Length : Three-Quarter Sleeves Pattern : PrinteCombo of : SingleSizes :M (Bust Size : 38 in)",
      "img1": "https://images.meesho.com/images/products/88009168/ddwm2_512.jpg",
      "img2": "https://images.meesho.com/images/products/88009168/ddwm2_512.jpg",
      "img3": "https://images.meesho.com/images/products/88009168/ddwm2_512.jpg"
    },
    {
      "id": "12",
      "gender": "female",
      "product_type": "ethic",
      "category": "saree",
      "sub_category": "silk",
      "name": "Printed Saree With Unstitched Blouse",
      "price": "6700",
      "discount": "47",
      "ratings": "4.1",
      "delivery": "free",
      "reviews": "9056",
      "description": " Name : Jaipur Fabric : Rayon Sleeve Length : Three-Quarter Sleeves Pattern : PrinteCombo of : SingleSizes :M (Bust Size : 38 in)",
      "img1": "https://images.meesho.com/images/products/98165760/9lnzn_512.jpg",
      "img2": "https://images.meesho.com/images/products/98165760/9lnzn_512.jpg",
      "img3": "https://images.meesho.com/images/products/98165760/9lnzn_512.jpg"
    },
    {
      "id": "13",
      "gender": "female",
      "product_type": "ethic",
      "category": "saree",
      "sub_category": "silk",
      "name": "Printed Saree With Unstitched Blouse",
      "price": "6700",
      "discount": "47",
      "ratings": "4.1",
      "delivery": "free",
      "reviews": "9056",
      "description": " Name : Jaipur Fabric : Rayon Sleeve Length : Three-Quarter Sleeves Pattern : PrinteCombo of : SingleSizes :M (Bust Size : 38 in)",
      "img1": "https://images.meesho.com/images/products/13609255/80754_512.jpg",
      "img2": "https://images.meesho.com/images/products/13609255/80754_512.jpg",
      "img3": "https://images.meesho.com/images/products/13609255/80754_512.jpg"
    }
  ],
  "cart": [
    {
      "id": "6",
      "gender": "female",
      "product_type": "ethic",
      "category": "saree",
      "sub_category": "silk",
      "name": "Printed Saree With Unstitched Blouse",
      "price": "2300",
      "discount": "47",
      "ratings": "4.1",
      "delivery": "free",
      "reviews": "1056",
      "description": " Name : Jaipur Fabric : Rayon Sleeve Length : Three-Quarter Sleeves Pattern : PrinteCombo of : SingleSizes :M (Bust Size : 38 in)",
      "img1": "https://images.meesho.com/images/products/7616385/0c598_512.jpg",
      "img2": "https://images.meesho.com/images/products/7616385/0c598_512.jpg",
      "img3": "https://images.meesho.com/images/products/7616385/0c598_512.jpg"
    }
  ]
}